Employee_ID,Attrition_rate
EID_22713,0.18662
EID_9658,0.20435
EID_22203,0.20973
EID_7652,0.20025
EID_6516,0.17774
EID_20283,0.20274
EID_21014,0.18806
EID_7693,0.1853
EID_13232,0.18676
EID_6515,0.20339
EID_13639,0.21399
EID_14669,0.20041
EID_16537,0.18771
EID_5782,0.16481
EID_20157,0.21093
EID_1855,0.19392
EID_20748,0.20191
EID_23179,0.17694
EID_12838,0.18062
EID_21656,0.17483
EID_8844,0.17697
EID_1536,0.20998
EID_8822,0.20615
EID_11398,0.18811
EID_12965,0.20718
EID_5204,0.18171
EID_10030,0.20978
EID_13227,0.21054
EID_20607,0.1951
EID_14070,0.19797
EID_3755,0.18729
EID_5459,0.21764
EID_7697,0.19166
EID_3935,0.19714
EID_19046,0.2174
EID_4040,0.19663
EID_17730,0.18472
EID_4995,0.18205
EID_24653,0.20197
EID_6978,0.1844
EID_13775,0.17288
EID_14608,0.20484
EID_3148,0.19663
EID_24868,0.20039
EID_5521,0.20296
EID_21155,0.1997
EID_3840,0.19171
EID_10646,0.19769
EID_6711,0.19975
EID_16247,0.20917
EID_16789,0.19937
EID_17967,0.20094
EID_13270,0.19416
EID_18462,0.19152
EID_22248,0.21136
EID_22693,0.1903
EID_25662,0.18261
EID_23346,0.1945
EID_4437,0.18902
EID_18108,0.18474
EID_7000,0.19359
EID_22770,0.19701
EID_7816,0.19615
EID_19615,0.20166
EID_23807,0.17813
EID_16764,0.18555
EID_16818,0.19916
EID_22712,0.17598
EID_18198,0.18486
EID_11154,0.20483
EID_22137,0.20797
EID_11655,0.18088
EID_18514,0.2052
EID_24742,0.18743
EID_16019,0.15941
EID_7357,0.1947
EID_20106,0.1897
EID_13284,0.18119
EID_5451,0.178
EID_19728,0.18559
EID_9178,0.18701
EID_13177,0.19407
EID_14300,0.19581
EID_4379,0.20277
EID_11285,0.19339
EID_14882,0.20575
EID_9969,0.21003
EID_23643,0.19142
EID_5935,0.20069
EID_7741,0.18961
EID_6176,0.20595
EID_5418,0.19182
EID_20626,0.19954
EID_1725,0.21281
EID_14317,0.19873
EID_12120,0.16763
EID_20264,0.20158
EID_16691,0.18576
EID_1093,0.18147
EID_2565,0.19633
EID_11463,0.17919
EID_12005,0.18542
EID_10326,0.19076
EID_12582,0.17959
EID_18228,0.1917
EID_11670,0.19535
EID_24257,0.19173
EID_7024,0.16713
EID_10382,0.19494
EID_20210,0.20758
EID_10294,0.19416
EID_19941,0.19874
EID_25572,0.19839
EID_7758,0.17902
EID_22718,0.16853
EID_1078,0.18731
EID_8227,0.20318
EID_1702,0.18043
EID_3532,0.18209
EID_22452,0.21496
EID_3019,0.18588
EID_22264,0.19308
EID_9866,0.18634
EID_3520,0.19658
EID_21098,0.19312
EID_1186,0.19577
EID_12355,0.20198
EID_11020,0.19453
EID_19193,0.17846
EID_17787,0.20476
EID_13719,0.19663
EID_24449,0.20259
EID_12957,0.18069
EID_24794,0.18453
EID_2866,0.19888
EID_10563,0.19144
EID_22492,0.18029
EID_4106,0.18555
EID_6648,0.1979
EID_7209,0.19535
EID_9692,0.184
EID_22763,0.21139
EID_12622,0.18541
EID_9831,0.1726
EID_5731,0.18091
EID_1114,0.18864
EID_25017,0.21051
EID_22956,0.21054
EID_5549,0.1713
EID_12022,0.17931
EID_8034,0.1746
EID_20644,0.18063
EID_20125,0.19267
EID_21957,0.19476
EID_8870,0.19526
EID_2305,0.23015
EID_3977,0.21407
EID_14845,0.18757
EID_6629,0.1814
EID_14577,0.20889
EID_24509,0.18645
EID_1530,0.20099
EID_21524,0.19897
EID_6647,0.20301
EID_19730,0.21045
EID_4424,0.20382
EID_7964,0.18008
EID_6289,0.20919
EID_2899,0.18459
EID_2827,0.19896
EID_8801,0.17755
EID_20454,0.19615
EID_18988,0.18434
EID_8405,0.22689
EID_14497,0.19594
EID_11769,0.18936
EID_21353,0.19784
EID_2221,0.1943
EID_13218,0.17768
EID_4576,0.1679
EID_17470,0.16211
EID_14817,0.19037
EID_21845,0.19114
EID_21987,0.1813
EID_1168,0.16639
EID_14315,0.20358
EID_5043,0.19224
EID_1967,0.19656
EID_22274,0.19871
EID_11091,0.17186
EID_18421,0.20227
EID_8316,0.20004
EID_13308,0.18516
EID_19481,0.2047
EID_17732,0.21403
EID_4504,0.18179
EID_2539,0.19674
EID_19529,0.1875
EID_2279,0.19114
EID_14508,0.1836
EID_12241,0.19696
EID_11530,0.22049
EID_20147,0.18984
EID_6154,0.19776
EID_3523,0.18513
EID_20453,0.19468
EID_11929,0.18451
EID_12840,0.18171
EID_22320,0.22364
EID_25383,0.20506
EID_10731,0.20576
EID_1017,0.19417
EID_1819,0.19493
EID_22849,0.18579
EID_12290,0.20459
EID_24238,0.1893
EID_3105,0.21033
EID_14242,0.20661
EID_16569,0.19791
EID_8094,0.17625
EID_7824,0.17286
EID_8978,0.18639
EID_25314,0.21859
EID_17810,0.20126
EID_14856,0.20272
EID_22144,0.19443
EID_23603,0.20228
EID_7211,0.20369
EID_19340,0.19781
EID_1501,0.19088
EID_22111,0.18948
EID_16147,0.20104
EID_16746,0.18988
EID_20777,0.19466
EID_12999,0.20071
EID_21663,0.19685
EID_11862,0.17722
EID_17683,0.20917
EID_19819,0.18915
EID_21562,0.20501
EID_24390,0.20564
EID_14444,0.21197
EID_3261,0.19773
EID_7752,0.18652
EID_3033,0.1965
EID_22433,0.20844
EID_23727,0.19292
EID_24107,0.19626
EID_22537,0.19508
EID_13645,0.19342
EID_16021,0.20193
EID_19800,0.18757
EID_1944,0.20995
EID_15868,0.19452
EID_22188,0.20001
EID_13833,0.18449
EID_15028,0.19754
EID_24861,0.18753
EID_13033,0.15557
EID_23673,0.18547
EID_13265,0.19279
EID_23411,0.191
EID_3761,0.17325
EID_7299,0.19998
EID_2379,0.22052
EID_18863,0.20013
EID_12115,0.18468
EID_23879,0.20322
EID_16586,0.18682
EID_19003,0.21617
EID_11107,0.18291
EID_15416,0.18692
EID_19214,0.20124
EID_5135,0.19095
EID_22464,0.18537
EID_22759,0.14672
EID_17833,0.16627
EID_17627,0.20576
EID_25730,0.20649
EID_2377,0.19087
EID_18085,0.21713
EID_14096,0.19616
EID_8384,0.18573
EID_17105,0.19413
EID_9929,0.18899
EID_13267,0.18695
EID_12954,0.18834
EID_4464,0.20973
EID_11464,0.16852
EID_19308,0.18692
EID_17530,0.21346
EID_6981,0.18786
EID_19951,0.20299
EID_1100,0.18173
EID_25145,0.20842
EID_15614,0.18636
EID_2961,0.19406
EID_1742,0.1908
EID_2843,0.20842
EID_9549,0.18787
EID_12832,0.21993
EID_17914,0.20333
EID_22832,0.17941
EID_5755,0.18868
EID_1141,0.17896
EID_18954,0.18558
EID_10824,0.18602
EID_24478,0.18766
EID_14916,0.19537
EID_4434,0.18151
EID_23650,0.17916
EID_16556,0.19476
EID_24656,0.17997
EID_25965,0.21314
EID_9279,0.20103
EID_13802,0.20771
EID_2748,0.20206
EID_17346,0.18992
EID_1171,0.1841
EID_1552,0.20732
EID_20674,0.20548
EID_2475,0.19714
EID_16714,0.20363
EID_7857,0.18015
EID_3294,0.19527
EID_2280,0.19001
EID_10203,0.20591
EID_22162,0.17801
EID_10438,0.19099
EID_12898,0.20579
EID_4358,0.19097
EID_6179,0.20341
EID_2538,0.21337
EID_13110,0.1822
EID_24585,0.20226
EID_1006,0.17986
EID_11632,0.19039
EID_21011,0.1968
EID_16869,0.17246
EID_20564,0.1831
EID_12996,0.19026
EID_1503,0.18068
EID_23053,0.2029
EID_22049,0.18015
EID_4346,0.18878
EID_1887,0.21155
EID_16849,0.19741
EID_10071,0.18069
EID_11265,0.19591
EID_12611,0.20905
EID_25542,0.21743
EID_11582,0.19315
EID_19550,0.21031
EID_5351,0.19495
EID_3305,0.18358
EID_18846,0.20365
EID_24764,0.20166
EID_2191,0.192
EID_6314,0.19843
EID_23248,0.19447
EID_4570,0.1945
EID_16415,0.17814
EID_11002,0.17056
EID_20498,0.20406
EID_7846,0.19326
EID_24121,0.18724
EID_7536,0.19458
EID_2015,0.20061
EID_7934,0.1869
EID_20903,0.17857
EID_17535,0.1928
EID_19760,0.17974
EID_9550,0.19782
EID_4261,0.20272
EID_19753,0.19868
EID_13542,0.1816
EID_24283,0.18746
EID_7552,0.20488
EID_11577,0.22388
EID_3228,0.19508
EID_17468,0.18229
EID_15815,0.17336
EID_2093,0.20598
EID_21356,0.21672
EID_12357,0.19096
EID_18495,0.20894
EID_5098,0.20209
EID_12691,0.19602
EID_13240,0.2174
EID_19312,0.19759
EID_23914,0.16843
EID_23175,0.20726
EID_15413,0.20577
EID_4785,0.20354
EID_25933,0.18611
EID_22705,0.17728
EID_19350,0.17891
EID_5369,0.19424
EID_20410,0.19076
EID_12557,0.20129
EID_17678,0.20476
EID_1342,0.19215
EID_12230,0.18838
EID_1311,0.19792
EID_5860,0.18871
EID_4259,0.20425
EID_10209,0.19321
EID_2300,0.20482
EID_17408,0.20496
EID_1883,0.17697
EID_1053,0.20498
EID_23610,0.19961
EID_17585,0.1902
EID_20845,0.20312
EID_15683,0.19332
EID_11976,0.20437
EID_12031,0.21811
EID_1711,0.17756
EID_6239,0.19189
EID_25541,0.19224
EID_9308,0.20604
EID_18168,0.19964
EID_11934,0.19637
EID_23472,0.19698
EID_13731,0.21955
EID_16069,0.19515
EID_18276,0.17879
EID_6141,0.21555
EID_12061,0.19519
EID_9450,0.21473
EID_21730,0.20055
EID_19506,0.2008
EID_13552,0.18051
EID_9945,0.19685
EID_1924,0.20141
EID_18453,0.20465
EID_20225,0.21122
EID_18673,0.22096
EID_11420,0.17737
EID_16631,0.17142
EID_21237,0.19683
EID_5015,0.18366
EID_20179,0.19109
EID_12073,0.17645
EID_21147,0.19635
EID_6714,0.19492
EID_10645,0.19712
EID_18298,0.1884
EID_2640,0.20524
EID_2318,0.19938
EID_25226,0.18708
EID_24099,0.18933
EID_20938,0.19161
EID_8377,0.18739
EID_7023,0.19011
EID_11385,0.19727
EID_15016,0.19761
EID_25794,0.18598
EID_11494,0.19563
EID_2425,0.19961
EID_9847,0.19876
EID_3570,0.20707
EID_13573,0.19117
EID_13780,0.17097
EID_2949,0.18317
EID_19834,0.19131
EID_11384,0.20269
EID_23154,0.18417
EID_9337,0.20034
EID_3653,0.20454
EID_4850,0.19985
EID_16283,0.19866
EID_5107,0.18335
EID_25156,0.1984
EID_17223,0.2033
EID_14695,0.1927
EID_11374,0.2075
EID_13672,0.18565
EID_6782,0.18674
EID_25074,0.19231
EID_21087,0.19157
EID_13017,0.19767
EID_9947,0.18396
EID_21221,0.20167
EID_21639,0.19335
EID_20333,0.21183
EID_2970,0.20008
EID_7624,0.18955
EID_15741,0.19361
EID_1312,0.18659
EID_19575,0.21033
EID_21047,0.17808
EID_11969,0.19944
EID_19145,0.18511
EID_9871,0.20967
EID_18852,0.18371
EID_22326,0.19068
EID_7259,0.19832
EID_21920,0.19702
EID_1436,0.18881
EID_8261,0.23365
EID_23228,0.1874
EID_5560,0.20285
EID_22357,0.2043
EID_4816,0.18934
EID_10000,0.20552
EID_21908,0.18267
EID_14887,0.18291
EID_12497,0.20768
EID_17976,0.22357
EID_17356,0.20773
EID_9785,0.1885
EID_16224,0.19246
EID_6020,0.21069
EID_20716,0.19023
EID_11351,0.18693
EID_20899,0.19861
EID_9718,0.1948
EID_9479,0.2089
EID_25048,0.21515
EID_23370,0.20803
EID_13877,0.1856
EID_12256,0.19726
EID_1903,0.15638
EID_8830,0.20124
EID_22060,0.19027
EID_11996,0.18125
EID_21061,0.18517
EID_22604,0.19528
EID_18463,0.17763
EID_11375,0.21149
EID_2685,0.206
EID_16010,0.17329
EID_19288,0.20122
EID_9283,0.19116
EID_11122,0.18705
EID_6638,0.20084
EID_25516,0.18048
EID_3864,0.19804
EID_9746,0.19488
EID_8407,0.19188
EID_25463,0.20852
EID_23098,0.19678
EID_22512,0.18742
EID_14671,0.21186
EID_18482,0.19908
EID_8151,0.19407
EID_16624,0.20029
EID_1983,0.17329
EID_18445,0.20646
EID_11891,0.20808
EID_2010,0.21151
EID_4592,0.20475
EID_17412,0.20415
EID_24883,0.19196
EID_15661,0.20452
EID_11757,0.20328
EID_2627,0.20461
EID_13243,0.18721
EID_10917,0.18001
EID_4360,0.20275
EID_13536,0.19579
EID_10695,0.19038
EID_5746,0.19427
EID_1178,0.18663
EID_15290,0.21089
EID_3540,0.18636
EID_14684,0.20347
EID_7914,0.21033
EID_23733,0.20176
EID_5907,0.19437
EID_5142,0.18039
EID_7686,0.20015
EID_12078,0.18599
EID_4880,0.19891
EID_1527,0.21214
EID_15919,0.20754
EID_1260,0.18816
EID_22377,0.20059
EID_7876,0.18453
EID_1213,0.18907
EID_4161,0.19503
EID_3214,0.20389
EID_17651,0.20036
EID_8005,0.18502
EID_12852,0.21102
EID_21465,0.19381
EID_7371,0.20794
EID_25687,0.18621
EID_17222,0.19485
EID_1994,0.20939
EID_22384,0.1827
EID_6344,0.19667
EID_18801,0.20782
EID_13688,0.18108
EID_13779,0.2063
EID_24969,0.19033
EID_15311,0.1945
EID_9095,0.19379
EID_11675,0.19611
EID_14870,0.18624
EID_1575,0.16667
EID_7440,0.18008
EID_24259,0.19633
EID_19501,0.18336
EID_23743,0.19116
EID_13287,0.19859
EID_2226,0.18797
EID_22439,0.21387
EID_16078,0.197
EID_18895,0.18785
EID_19860,0.18703
EID_24564,0.19982
EID_21747,0.2003
EID_4659,0.17424
EID_24149,0.19528
EID_13300,0.20748
EID_16950,0.19639
EID_23778,0.20344
EID_14691,0.19804
EID_10789,0.21418
EID_5525,0.18575
EID_19424,0.20373
EID_6171,0.185
EID_19569,0.19981
EID_4602,0.20283
EID_17919,0.19235
EID_4286,0.21052
EID_1973,0.18701
EID_25715,0.1896
EID_23385,0.209
EID_13681,0.20323
EID_25410,0.22306
EID_18267,0.1809
EID_15252,0.18667
EID_23214,0.19664
EID_18551,0.17287
EID_2401,0.21361
EID_7609,0.19148
EID_21291,0.1909
EID_10126,0.19779
EID_19714,0.19505
EID_4911,0.19446
EID_12505,0.20404
EID_10377,0.2062
EID_3407,0.19367
EID_3386,0.18895
EID_7623,0.19924
EID_19517,0.18488
EID_21782,0.19608
EID_12361,0.18334
EID_21171,0.1739
EID_17836,0.19989
EID_20286,0.1924
EID_25798,0.2011
EID_15699,0.20275
EID_17006,0.17438
EID_22476,0.19051
EID_9406,0.1898
EID_13559,0.18644
EID_1340,0.20147
EID_17848,0.17867
EID_20358,0.19525
EID_14265,0.17553
EID_9820,0.18673
EID_13755,0.18965
EID_13293,0.19808
EID_25837,0.18982
EID_20466,0.20964
EID_11032,0.19969
EID_2399,0.18591
EID_23917,0.20603
EID_17011,0.19029
EID_8967,0.19636
EID_24468,0.19066
EID_8435,0.19956
EID_17953,0.19352
EID_7140,0.19651
EID_24404,0.2093
EID_14380,0.19958
EID_1232,0.20812
EID_1573,0.20552
EID_3684,0.21525
EID_15824,0.20769
EID_9212,0.19015
EID_21121,0.20798
EID_6346,0.18545
EID_9525,0.17927
EID_9726,0.19239
EID_2526,0.18162
EID_4228,0.17483
EID_14595,0.18902
EID_15856,0.17572
EID_6768,0.18631
EID_23953,0.18938
EID_19059,0.19599
EID_5268,0.17562
EID_7619,0.21179
EID_23028,0.1912
EID_22104,0.20109
EID_10318,0.1782
EID_25369,0.19473
EID_16633,0.19868
EID_15848,0.20772
EID_2240,0.19175
EID_1059,0.19789
EID_9315,0.16685
EID_15388,0.20137
EID_9984,0.17703
EID_4296,0.20468
EID_10927,0.20882
EID_25054,0.2091
EID_1884,0.18631
EID_21960,0.20699
EID_5572,0.19627
EID_16872,0.18766
EID_24525,0.19641
EID_14237,0.20016
EID_7114,0.18567
EID_7448,0.19536
EID_17668,0.17941
EID_7674,0.18134
EID_5884,0.18704
EID_13942,0.18969
EID_13098,0.19463
EID_7695,0.19729
EID_5350,0.20359
EID_22853,0.18339
EID_2385,0.20735
EID_18006,0.17764
EID_12875,0.18415
EID_5478,0.19186
EID_18690,0.19042
EID_12545,0.1957
EID_13888,0.19312
EID_9732,0.17881
EID_18001,0.21195
EID_17479,0.19622
EID_23757,0.21124
EID_1303,0.19681
EID_5375,0.1938
EID_5869,0.21046
EID_8825,0.18238
EID_22567,0.18797
EID_16273,0.18911
EID_20618,0.19972
EID_3608,0.19279
EID_8806,0.21041
EID_23170,0.16521
EID_12243,0.16852
EID_20089,0.20411
EID_16852,0.18996
EID_18312,0.2143
EID_14010,0.21475
EID_14705,0.20342
EID_20956,0.19615
EID_18794,0.19157
EID_1629,0.20527
EID_25483,0.19559
EID_4542,0.196
EID_10076,0.19794
EID_9469,0.19416
EID_25284,0.18945
EID_11972,0.16423
EID_1798,0.19088
EID_21903,0.17507
EID_20031,0.18272
EID_20365,0.19711
EID_9210,0.17905
EID_19750,0.18696
EID_4006,0.21764
EID_24922,0.1895
EID_4760,0.20566
EID_11035,0.20777
EID_21008,0.17949
EID_23731,0.17357
EID_21788,0.17871
EID_5428,0.19457
EID_14023,0.18396
EID_2937,0.18102
EID_16931,0.17054
EID_18299,0.20437
EID_6660,0.19031
EID_23187,0.21333
EID_14868,0.20129
EID_23247,0.20278
EID_15971,0.21689
EID_7852,0.20273
EID_7017,0.19214
EID_7494,0.19694
EID_18706,0.18335
EID_22784,0.19452
EID_10756,0.17947
EID_6854,0.19762
EID_12554,0.19035
EID_1162,0.19389
EID_19581,0.18209
EID_2169,0.20105
EID_25149,0.21363
EID_22575,0.16294
EID_2265,0.19864
EID_19668,0.19468
EID_19245,0.20844
EID_8194,0.19184
EID_8081,0.19155
EID_8670,0.21255
EID_7992,0.19808
EID_6596,0.18226
EID_3699,0.20062
EID_9698,0.19016
EID_1847,0.19614
EID_16179,0.19883
EID_23663,0.20649
EID_24287,0.20958
EID_3527,0.19311
EID_18652,0.18988
EID_24110,0.20345
EID_21419,0.20489
EID_12865,0.17766
EID_9237,0.17205
EID_20408,0.20494
EID_22934,0.19226
EID_6492,0.19523
EID_20285,0.23297
EID_1286,0.19608
EID_12542,0.1842
EID_5523,0.19766
EID_1979,0.18962
EID_23146,0.19961
EID_4773,0.18994
EID_8785,0.2293
EID_4463,0.1948
EID_24028,0.1978
EID_20920,0.21997
EID_21392,0.18243
EID_4079,0.19872
EID_5173,0.19969
EID_22915,0.1991
EID_18347,0.20151
EID_7984,0.17974
EID_25148,0.21662
EID_4350,0.19782
EID_6909,0.1899
EID_10582,0.20002
EID_6248,0.19758
EID_10035,0.17562
EID_24603,0.2035
EID_1794,0.20478
EID_9407,0.21408
EID_2114,0.19227
EID_21125,0.20835
EID_15046,0.2031
EID_8058,0.19879
EID_1961,0.21182
EID_23324,0.20464
EID_21521,0.17846
EID_11043,0.20734
EID_6461,0.16985
EID_10398,0.20038
EID_20635,0.21248
EID_22940,0.20016
EID_8582,0.1896
EID_12770,0.18516
EID_15982,0.20027
EID_19692,0.19945
EID_18304,0.18366
EID_13603,0.20576
EID_6145,0.17433
EID_16587,0.19829
EID_16835,0.18559
EID_8399,0.20201
EID_7012,0.19724
EID_20575,0.19808
EID_20747,0.19938
EID_3907,0.18688
EID_22626,0.20675
EID_4442,0.20318
EID_18034,0.20797
EID_16055,0.19982
EID_21684,0.18062
EID_17499,0.22802
EID_1222,0.21745
EID_17204,0.18453
EID_22732,0.18524
EID_8539,0.21137
EID_23136,0.17725
EID_24470,0.18288
EID_17404,0.19218
EID_21498,0.1972
EID_19495,0.17383
EID_23966,0.20323
EID_1388,0.18589
EID_7374,0.18524
EID_25441,0.18223
EID_16616,0.18957
EID_7654,0.19004
EID_4217,0.19496
EID_9968,0.17513
EID_17830,0.18101
EID_12023,0.19255
EID_24002,0.20218
EID_11371,0.19556
EID_11096,0.19948
EID_24835,0.20971
EID_17439,0.20532
EID_6587,0.17916
EID_21946,0.17818
EID_5431,0.19614
EID_4723,0.17844
EID_11535,0.19071
EID_2330,0.20961
EID_23531,0.18071
EID_8913,0.20417
EID_21273,0.20386
EID_11927,0.20257
EID_1385,0.17811
EID_15758,0.18885
EID_1023,0.18366
EID_8959,0.2036
EID_12911,0.20518
EID_15925,0.19241
EID_17769,0.20518
EID_19842,0.1951
EID_15875,0.17635
EID_21284,0.18197
EID_24825,0.19104
EID_23825,0.19582
EID_13001,0.1957
EID_25601,0.19821
EID_24670,0.21349
EID_24412,0.19055
EID_18712,0.2138
EID_21138,0.19079
EID_19335,0.2016
EID_16753,0.22193
EID_24399,0.16556
EID_12567,0.18965
EID_22161,0.20355
EID_12609,0.21327
EID_22249,0.19886
EID_5314,0.18874
EID_1897,0.17744
EID_22507,0.19887
EID_2878,0.20256
EID_10098,0.22848
EID_18435,0.20118
EID_8063,0.19581
EID_3512,0.17731
EID_24444,0.2115
EID_9813,0.19883
EID_25132,0.20185
EID_5613,0.18614
EID_14062,0.18672
EID_20073,0.19366
EID_12506,0.20794
EID_1092,0.18199
EID_15895,0.16086
EID_1039,0.17816
EID_22016,0.21241
EID_6764,0.19591
EID_17384,0.1967
EID_8705,0.20034
EID_14832,0.2006
EID_16473,0.19098
EID_11186,0.20731
EID_7476,0.21117
EID_19671,0.18888
EID_14001,0.20074
EID_10658,0.19745
EID_6668,0.1658
EID_13786,0.1959
EID_11224,0.18745
EID_13296,0.19701
EID_22145,0.2004
EID_6494,0.19821
EID_1649,0.19516
EID_20878,0.1658
EID_3790,0.18973
EID_9257,0.1973
EID_14917,0.19838
EID_22052,0.18572
EID_1198,0.18754
EID_8478,0.18284
EID_2071,0.19659
EID_1250,0.18649
EID_9000,0.19266
EID_17319,0.18284
EID_21794,0.18543
EID_23350,0.20383
EID_16278,0.22234
EID_3330,0.20921
EID_12584,0.20424
EID_9354,0.18992
EID_15007,0.2038
EID_11656,0.20395
EID_22526,0.2013
EID_11027,0.17961
EID_21588,0.2021
EID_13717,0.2064
EID_8073,0.20042
EID_15972,0.18483
EID_5730,0.19005
EID_23968,0.18765
EID_4299,0.1842
EID_6302,0.16943
EID_6974,0.20079
EID_4829,0.18462
EID_21139,0.23827
EID_23456,0.18191
EID_20110,0.19281
EID_20342,0.18775
EID_15238,0.19093
EID_10349,0.17577
EID_10077,0.19372
EID_22330,0.19202
EID_4368,0.20079
EID_8859,0.19067
EID_24277,0.17609
EID_1061,0.19669
EID_5597,0.18986
EID_4820,0.19841
EID_5863,0.20058
EID_23680,0.20176
EID_5542,0.18668
EID_6203,0.19688
EID_5355,0.19706
EID_19669,0.17799
EID_21725,0.21571
EID_2138,0.21262
EID_24278,0.2071
EID_6591,0.18139
EID_21056,0.20608
EID_18759,0.20157
EID_12059,0.17718
EID_11077,0.20022
EID_17216,0.20156
EID_15655,0.20794
EID_19017,0.20519
EID_17846,0.20077
EID_6418,0.19742
EID_25942,0.19592
EID_5420,0.21146
EID_11764,0.20841
EID_16483,0.19266
EID_1901,0.17763
EID_21480,0.20568
EID_8006,0.20101
EID_1282,0.171
EID_6895,0.19806
EID_13677,0.19841
EID_6071,0.19295
EID_14425,0.19122
EID_22685,0.17339
EID_20203,0.20133
EID_19161,0.20132
EID_1947,0.18798
EID_16574,0.20173
EID_2561,0.21089
EID_20668,0.19229
EID_7831,0.18081
EID_8769,0.19766
EID_25191,0.19371
EID_15590,0.21099
EID_12458,0.1845
EID_11406,0.18985
EID_17629,0.16844
EID_4632,0.18503
EID_18455,0.18752
EID_23077,0.18713
EID_25024,0.19945
EID_6269,0.18308
EID_12100,0.19798
EID_23190,0.19835
EID_9030,0.19394
EID_12359,0.1966
EID_12041,0.19782
EID_2019,0.19219
EID_22974,0.19134
EID_10351,0.1844
EID_23630,0.19623
EID_7309,0.19944
EID_19821,0.19207
EID_4033,0.20465
EID_3435,0.20397
EID_5759,0.18688
EID_12826,0.1881
EID_8148,0.20297
EID_16088,0.19183
EID_15783,0.2015
EID_19521,0.18967
EID_13016,0.18783
EID_13708,0.18383
EID_4237,0.2014
EID_3620,0.20414
EID_10042,0.20039
EID_8833,0.20873
EID_21028,0.19463
EID_3485,0.20275
EID_23372,0.19751
EID_19410,0.20504
EID_6598,0.19277
EID_25371,0.17989
EID_19483,0.19828
EID_22826,0.1879
EID_23606,0.18953
EID_9346,0.20083
EID_1608,0.21393
EID_1603,0.20759
EID_23041,0.19659
EID_7801,0.18886
EID_22456,0.21209
EID_24428,0.1956
EID_10811,0.21265
EID_24566,0.21865
EID_2531,0.19494
EID_10878,0.1754
EID_19548,0.19976
EID_11988,0.19551
EID_11378,0.19736
EID_9896,0.18741
EID_17323,0.1904
EID_24976,0.18247
EID_11249,0.19433
EID_20395,0.19606
EID_18262,0.18628
EID_14670,0.17153
EID_12880,0.19972
EID_1406,0.19453
EID_23014,0.18579
EID_5224,0.20832
EID_3232,0.19682
EID_22327,0.18078
EID_2285,0.18957
EID_20468,0.19282
EID_4443,0.19698
EID_15641,0.19112
EID_8106,0.19622
EID_13958,0.1955
EID_10214,0.2014
EID_17739,0.19986
EID_13347,0.19707
EID_23453,0.20249
EID_1477,0.20086
EID_20224,0.20759
EID_2362,0.19571
EID_21421,0.19659
EID_7860,0.19088
EID_10286,0.22307
EID_7184,0.19356
EID_21742,0.17006
EID_21610,0.21754
EID_19375,0.19114
EID_18564,0.19834
EID_19108,0.20494
EID_17928,0.20895
EID_25613,0.18507
EID_23787,0.19964
EID_2392,0.20398
EID_7574,0.18178
EID_9810,0.20401
EID_14332,0.19761
EID_20937,0.21545
EID_7827,0.19187
EID_7457,0.1889
EID_11152,0.18911
EID_12917,0.17818
EID_18590,0.18737
EID_15327,0.20502
EID_11687,0.17999
EID_5179,0.20313
EID_5623,0.19099
EID_25331,0.19928
EID_24386,0.18803
EID_6507,0.19948
EID_7842,0.20675
EID_12018,0.20363
EID_6640,0.19131
EID_9872,0.21834
EID_2331,0.17605
EID_19685,0.21214
EID_25701,0.1738
EID_25681,0.18945
EID_20151,0.19083
EID_8980,0.18841
EID_12719,0.202
EID_20075,0.21624
EID_14984,0.19298
EID_8177,0.20247
EID_1360,0.18708
EID_24812,0.18536
EID_8480,0.18689
EID_14567,0.19211
EID_16194,0.19005
EID_10020,0.19371
EID_7321,0.19213
EID_15387,0.19467
EID_19419,0.19121
EID_20496,0.18753
EID_1308,0.19236
EID_14770,0.19034
EID_21893,0.17676
EID_10990,0.21156
EID_17521,0.20376
EID_15274,0.17386
EID_24001,0.19641
EID_4111,0.18665
EID_4284,0.18779
EID_19682,0.18909
EID_14871,0.20079
EID_18152,0.19739
EID_12520,0.19682
EID_4739,0.19249
EID_8424,0.15277
EID_23600,0.20889
EID_25891,0.20621
EID_11618,0.19469
EID_12674,0.19641
EID_5999,0.19151
EID_18063,0.18033
EID_14859,0.18758
EID_20353,0.19906
EID_22962,0.20933
EID_19650,0.1771
EID_6108,0.18611
EID_19012,0.22196
EID_22925,0.20459
EID_15619,0.20649
EID_19998,0.18658
EID_20052,0.18707
EID_25044,0.20378
EID_5422,0.16662
EID_15354,0.19184
EID_3804,0.198
EID_23277,0.22352
EID_12336,0.18775
EID_24839,0.19272
EID_1651,0.1833
EID_24355,0.17299
EID_24276,0.1931
EID_10346,0.18748
EID_9579,0.19237
EID_23242,0.19743
EID_23541,0.19244
EID_14741,0.20739
EID_7783,0.18609
EID_12569,0.21782
EID_3834,0.19293
EID_6799,0.21697
EID_15609,0.20953
EID_5496,0.17652
EID_5080,0.19305
EID_14834,0.19817
EID_18266,0.18699
EID_1182,0.20255
EID_6445,0.18537
EID_18656,0.21953
EID_24011,0.19973
EID_25093,0.18855
EID_11334,0.19776
EID_15785,0.19743
EID_8060,0.18448
EID_4349,0.20105
EID_22525,0.18736
EID_1231,0.20211
EID_2127,0.20692
EID_4047,0.19421
EID_12989,0.19191
EID_17726,0.1805
EID_1602,0.20037
EID_5945,0.17575
EID_15166,0.18911
EID_25317,0.20185
EID_18848,0.17766
EID_14455,0.18848
EID_9724,0.17646
EID_22697,0.21284
EID_16505,0.19587
EID_11616,0.1978
EID_10352,0.18714
EID_24093,0.19897
EID_11826,0.1759
EID_24211,0.20211
EID_14709,0.17184
EID_18747,0.20772
EID_16077,0.17687
EID_15440,0.21193
EID_4935,0.17868
EID_13791,0.18993
EID_16876,0.19625
EID_1335,0.19845
EID_19086,0.19601
EID_12872,0.18728
EID_11623,0.1751
EID_7807,0.16952
EID_9605,0.20093
EID_12736,0.20634
EID_20565,0.20544
EID_17225,0.19819
EID_19974,0.19183
EID_16045,0.1959
EID_2082,0.2152
EID_22219,0.19995
EID_19439,0.20858
EID_2979,0.16821
EID_24414,0.19985
EID_15148,0.20102
EID_10690,0.20733
EID_16346,0.19155
EID_22752,0.19203
EID_21746,0.19101
EID_1705,0.19989
EID_7498,0.18496
EID_6874,0.18633
EID_4543,0.18444
EID_8931,0.19409
EID_16435,0.2058
EID_16767,0.2039
EID_3058,0.18244
EID_16381,0.18766
EID_17190,0.18838
EID_7079,0.18952
EID_10191,0.18566
EID_1378,0.18748
EID_20222,0.20265
EID_6156,0.19197
EID_5975,0.17726
EID_18682,0.16765
EID_8837,0.19826
EID_24686,0.20371
EID_9869,0.19007
EID_14673,0.19797
EID_14443,0.18441
EID_21591,0.18936
EID_25240,0.16959
EID_18365,0.18697
EID_9260,0.19954
EID_10696,0.1849
EID_18012,0.1827
EID_17421,0.19665
EID_23615,0.19345
EID_14132,0.19323
EID_13168,0.21018
EID_16973,0.18729
EID_13426,0.19007
EID_1493,0.18583
EID_3994,0.19406
EID_10574,0.18804
EID_12394,0.18947
EID_4781,0.19667
EID_24911,0.20492
EID_3205,0.18406
EID_25568,0.19989
EID_4343,0.18904
EID_4330,0.21038
EID_12518,0.19103
EID_18426,0.1834
EID_3862,0.18994
EID_13478,0.21004
EID_5607,0.19641
EID_22353,0.19776
EID_18346,0.17063
EID_5978,0.18975
EID_3391,0.2029
EID_8525,0.18522
EID_5245,0.21122
EID_11791,0.19456
EID_22913,0.2239
EID_15587,0.18868
EID_4851,0.17119
EID_3432,0.2053
EID_13090,0.20809
EID_15117,0.18456
EID_22004,0.19348
EID_16053,0.16999
EID_16458,0.18576
EID_8021,0.19041
EID_24385,0.18144
EID_7053,0.19039
EID_13544,0.19128
EID_9014,0.19316
EID_9246,0.18184
EID_15642,0.20635
EID_12295,0.18247
EID_7925,0.19944
EID_18473,0.20043
EID_19427,0.18834
EID_17027,0.18921
EID_22093,0.20174
EID_25611,0.19735
EID_20490,0.17832
EID_4204,0.18404
EID_2604,0.20878
EID_16152,0.18129
EID_8563,0.18744
EID_18620,0.21189
EID_11012,0.20138
EID_19598,0.20668
EID_13159,0.19434
EID_13171,0.18623
EID_8374,0.20093
EID_9838,0.19267
EID_18489,0.19737
EID_17451,0.18143
EID_7269,0.18437
EID_20548,0.2007
EID_9466,0.19865
EID_16085,0.19988
EID_24082,0.21819
EID_5078,0.19354
EID_23951,0.16603
EID_8327,0.19334
EID_5904,0.19107
EID_11085,0.22324
EID_21437,0.19761
EID_7471,0.18894
EID_12046,0.20424
EID_18653,0.19335
EID_14175,0.19108
EID_5514,0.18997
EID_20148,0.20711
EID_14260,0.18742
EID_15574,0.18928
EID_7287,0.18879
EID_18889,0.19564
EID_13106,0.19334
EID_15448,0.20522
EID_25897,0.20557
EID_23758,0.21806
EID_23208,0.16385
EID_13646,0.17991
EID_5467,0.18275
EID_6022,0.19814
EID_10923,0.20276
EID_10408,0.20392
EID_4186,0.20175
EID_22022,0.19282
EID_16390,0.19774
EID_19493,0.20628
EID_12519,0.19165
EID_23549,0.20439
EID_17612,0.17799
EID_25007,0.19617
EID_1949,0.19996
EID_23313,0.20163
EID_22516,0.20431
EID_21836,0.18558
EID_7268,0.18413
EID_8202,0.17669
EID_6613,0.20542
EID_2596,0.20397
EID_19849,0.20174
EID_11546,0.20213
EID_3942,0.1906
EID_7899,0.20326
EID_4802,0.19705
EID_6725,0.21146
EID_3835,0.21521
EID_9511,0.19464
EID_5757,0.18336
EID_24838,0.19001
EID_15225,0.18284
EID_8238,0.18812
EID_2826,0.19665
EID_20774,0.16921
EID_19311,0.19481
EID_12339,0.17709
EID_1583,0.17502
EID_1033,0.20955
EID_10764,0.17307
EID_17203,0.18253
EID_1345,0.18435
EID_4951,0.19085
EID_16956,0.196
EID_9203,0.19242
EID_7021,0.19776
EID_8707,0.18749
EID_5209,0.20755
EID_20428,0.18704
EID_10913,0.18021
EID_11507,0.2086
EID_3693,0.19395
EID_22857,0.19227
EID_18744,0.20058
EID_19600,0.15871
EID_21336,0.19315
EID_17676,0.17426
EID_1678,0.21115
EID_4889,0.19321
EID_9961,0.19822
EID_23386,0.177
EID_19835,0.20632
EID_9519,0.20148
EID_5449,0.18732
EID_20640,0.1954
EID_16387,0.18468
EID_20293,0.1958
EID_2296,0.2012
EID_11827,0.20908
EID_21522,0.20562
EID_2767,0.19624
EID_2873,0.2017
EID_2603,0.19471
EID_2674,0.17648
EID_23682,0.17715
EID_13310,0.19754
EID_6523,0.2083
EID_13056,0.19867
EID_7244,0.23321
EID_1072,0.20239
EID_25833,0.19119
EID_11244,0.18838
EID_22918,0.19624
EID_16735,0.18542
EID_4201,0.18981
EID_5998,0.18852
EID_19254,0.1869
EID_16653,0.18075
EID_11729,0.15871
EID_19573,0.20259
EID_21463,0.19783
EID_5899,0.19834
EID_23613,0.21066
EID_8609,0.18671
EID_2660,0.17628
EID_1333,0.19034
EID_3212,0.19877
EID_7830,0.19676
EID_4372,0.19618
EID_15955,0.18302
EID_22059,0.17018
EID_22804,0.20026
EID_4700,0.19734
EID_14401,0.20905
EID_19971,0.1928
EID_10684,0.19382
EID_21512,0.18491
EID_16722,0.18877
EID_16012,0.21214
EID_19093,0.21039
EID_25636,0.20049
EID_10567,0.19518
EID_11601,0.20256
EID_25697,0.1844
EID_22131,0.20093
EID_8511,0.20289
EID_18114,0.22005
EID_12784,0.19828
EID_12820,0.20531
EID_4512,0.20762
EID_5837,0.19085
EID_12564,0.17617
EID_16737,0.19682
EID_25986,0.19967
EID_8729,0.19313
EID_4386,0.18154
EID_5223,0.20794
EID_1494,0.20589
EID_22699,0.17627
EID_1083,0.18964
EID_1329,0.19496
EID_3550,0.17611
EID_18845,0.18517
EID_17946,0.17329
EID_1712,0.19332
EID_12024,0.20774
EID_2974,0.18733
EID_12806,0.18587
EID_10396,0.18338
EID_3998,0.19731
EID_22451,0.17465
EID_12242,0.20589
EID_18599,0.19031
EID_9423,0.18275
EID_25347,0.19739
EID_20183,0.19101
EID_18079,0.18787
EID_10059,0.20294
EID_1322,0.20516
EID_18109,0.23073
EID_7325,0.18869
EID_6000,0.19343
EID_10760,0.20678
EID_24380,0.1785
EID_7070,0.21457
EID_2796,0.20558
EID_18860,0.19625
EID_13597,0.19283
EID_6858,0.18603
EID_14987,0.21321
EID_8902,0.18238
EID_9453,0.19219
EID_20605,0.20229
EID_16020,0.20174
EID_6335,0.16946
EID_1317,0.18794
EID_5575,0.19126
EID_17433,0.20187
EID_6238,0.18571
EID_10734,0.1897
EID_7661,0.19398
EID_9281,0.17233
EID_19259,0.1913
EID_9544,0.17945
EID_2572,0.17608
EID_12706,0.19017
EID_20500,0.18624
EID_19258,0.18703
EID_15915,0.20013
EID_25265,0.20379
EID_16567,0.19178
EID_19553,0.18768
EID_25403,0.17538
EID_10354,0.18354
EID_19522,0.20301
EID_20132,0.18976
EID_3363,0.1958
EID_15253,0.19178
EID_8368,0.17909
EID_3883,0.18985
EID_7323,0.19932
EID_16203,0.17417
EID_9080,0.2047
EID_12266,0.17837
EID_13777,0.19925
EID_24876,0.21301
EID_11961,0.19445
EID_25871,0.18484
EID_3563,0.20129
EID_3377,0.1863
EID_19924,0.20906
EID_4070,0.20385
EID_7727,0.21148
EID_2253,0.21054
EID_5056,0.17141
EID_16751,0.18954
EID_2105,0.19925
EID_14078,0.2002
EID_18779,0.18716
EID_2218,0.20701
EID_6130,0.17569
EID_21722,0.20384
EID_17748,0.20357
EID_21322,0.202
EID_6016,0.19856
EID_20480,0.2154
EID_18843,0.19692
EID_7336,0.20185
EID_4455,0.19902
EID_15206,0.1914
EID_15582,0.20376
EID_22381,0.17838
EID_22606,0.18961
EID_12159,0.17763
EID_10027,0.19345
EID_4107,0.20337
EID_18932,0.21954
EID_1321,0.20671
EID_7759,0.20261
EID_21961,0.19198
EID_15289,0.21147
EID_23069,0.18418
EID_17187,0.18715
EID_25372,0.2006
EID_9787,0.18843
EID_9797,0.18762
EID_10831,0.18537
EID_24620,0.18549
EID_8715,0.16533
EID_13459,0.19443
EID_14031,0.21306
EID_14541,0.19068
EID_12395,0.18649
EID_7150,0.19341
EID_14422,0.21279
EID_19060,0.19591
EID_9338,0.17129
EID_21042,0.18745
EID_8011,0.18284
EID_8102,0.17113
EID_11068,0.19309
EID_15461,0.19486
EID_18509,0.19472
EID_5796,0.17916
EID_19905,0.18972
EID_21609,0.196
EID_14873,0.20746
EID_8033,0.19936
EID_21354,0.18215
EID_16377,0.19051
EID_10566,0.198
EID_4791,0.19932
EID_20944,0.19187
EID_24913,0.21848
EID_3868,0.22096
EID_10611,0.20544
EID_21702,0.16746
EID_9472,0.18996
EID_10746,0.20538
EID_17717,0.19275
EID_18535,0.21169
EID_23706,0.18554
EID_7039,0.20119
EID_23797,0.1621
EID_1574,0.20831
EID_5931,0.2089
EID_6468,0.19665
EID_15805,0.17636
EID_2988,0.18506
EID_21966,0.18656
EID_16571,0.19607
EID_10082,0.20405
EID_8359,0.20648
EID_3200,0.18665
EID_2206,0.1758
EID_14234,0.18611
EID_12498,0.19918
EID_12009,0.21066
EID_12486,0.20623
EID_2679,0.18137
EID_25329,0.19221
EID_18268,0.18597
EID_18253,0.19692
EID_11915,0.18205
EID_2503,0.18925
EID_22110,0.20154
EID_9344,0.17863
EID_17568,0.19028
EID_1445,0.17642
EID_12971,0.20549
EID_14129,0.19517
EID_22888,0.19666
EID_17510,0.18236
EID_11722,0.20619
EID_18542,0.18614
EID_13158,0.21304
EID_2810,0.2052
EID_16559,0.19875
EID_1124,0.1894
EID_2137,0.19573
EID_13145,0.16021
EID_14181,0.18921
EID_24695,0.18072
EID_21367,0.16884
EID_13213,0.16499
EID_15852,0.18729
EID_9531,0.18874
EID_6197,0.19098
EID_20012,0.16739
EID_10381,0.18477
EID_9136,0.20153
EID_12063,0.19342
EID_22318,0.20143
EID_24047,0.20585
EID_5834,0.18687
EID_4763,0.1871
EID_24096,0.201
EID_13825,0.18945
EID_14326,0.21118
EID_10111,0.20253
EID_23362,0.18422
EID_8682,0.20671
EID_18727,0.20186
EID_20725,0.18021
EID_15976,0.19869
EID_17626,0.20895
EID_13302,0.20923
EID_11333,0.19553
EID_12305,0.19878
EID_4987,0.19454
EID_12132,0.19758
EID_14163,0.18597
EID_15666,0.21095
EID_19257,0.19417
EID_1591,0.18127
EID_5610,0.20258
EID_4835,0.18225
EID_5060,0.21671
EID_15897,0.18648
EID_9771,0.19749
EID_11486,0.19545
EID_14583,0.20204
EID_17832,0.19319
EID_6876,0.19693
EID_18560,0.20226
EID_1091,0.1848
EID_3837,0.2067
EID_8508,0.20128
EID_23640,0.18024
EID_13280,0.1956
EID_3352,0.20094
EID_13404,0.18876
EID_23565,0.18793
EID_24526,0.1986
EID_9254,0.17213
EID_8916,0.19002
EID_15227,0.23801
EID_11672,0.18982
EID_8926,0.20457
EID_25125,0.18256
EID_3170,0.18576
EID_24612,0.1741
EID_23932,0.19126
EID_11554,0.20095
EID_19854,0.21315
EID_16362,0.21411
EID_13195,0.18029
EID_25559,0.19637
EID_18526,0.19329
EID_23226,0.19614
EID_5873,0.17183
EID_11286,0.18797
EID_7573,0.20277
EID_11669,0.19749
EID_12639,0.22308
EID_12309,0.19387
EID_17566,0.18542
EID_3644,0.2018
EID_9921,0.21355
EID_14703,0.19615
EID_19366,0.18416
EID_12449,0.20314
EID_24591,0.19009
EID_4698,0.18885
EID_17657,0.2033
EID_24446,0.20599
EID_18528,0.18264
EID_8868,0.17949
EID_5820,0.20749
EID_24215,0.18172
EID_19176,0.1937
EID_6578,0.20282
EID_9672,0.18095
EID_10702,0.19336
EID_4741,0.19075
EID_24067,0.19059
EID_2416,0.20159
EID_12089,0.19132
EID_8392,0.18328
EID_16766,0.19764
EID_23137,0.1932
EID_24704,0.17663
EID_13184,0.20763
EID_21642,0.18638
EID_8050,0.19116
EID_20432,0.20895
EID_14456,0.19729
EID_7769,0.19195
EID_14077,0.16701
EID_17805,0.17213
EID_14927,0.21166
EID_7995,0.1923
EID_2297,0.17987
EID_7960,0.19201
EID_9481,0.18686
EID_2781,0.20074
EID_25571,0.1832
EID_12462,0.18669
EID_17761,0.17382
EID_22310,0.19775
EID_15161,0.20234
EID_3361,0.18876
EID_2166,0.2021
EID_1515,0.20217
EID_13787,0.19786
EID_23496,0.19086
EID_7820,0.19793
EID_14433,0.18241
EID_9405,0.20227
EID_4195,0.17377
EID_24190,0.18774
EID_20400,0.1877
EID_16111,0.20298
EID_5502,0.20919
EID_17381,0.16702
EID_22435,0.20368
EID_3060,0.19918
EID_19197,0.2098
EID_13311,0.1928
EID_14282,0.18123
EID_5849,0.18714
EID_19845,0.21108
EID_6965,0.1917
EID_5048,0.19755
EID_13766,0.18115
EID_22269,0.18433
EID_4363,0.1689
EID_12215,0.21745
EID_14479,0.1835
EID_7348,0.18049
EID_25664,0.19926
EID_4940,0.1995
EID_6877,0.19345
EID_8337,0.18593
EID_1775,0.19783
EID_13938,0.20849
EID_12735,0.22007
EID_16138,0.18119
EID_18586,0.19637
EID_16650,0.18729
EID_18259,0.1981
EID_19144,0.18395
EID_4483,0.19912
EID_10929,0.1855
EID_19882,0.1876
EID_3779,0.20908
EID_18678,0.18485
EID_7168,0.18269
EID_23279,0.19155
EID_17008,0.19931
EID_2795,0.19795
EID_1833,0.19212
EID_21026,0.19154
EID_20322,0.18074
EID_10026,0.17916
EID_7742,0.17891
EID_21792,0.19364
EID_14341,0.18059
EID_24634,0.16525
EID_3379,0.16697
EID_20627,0.18256
EID_8572,0.1813
EID_15104,0.19635
EID_12426,0.17908
EID_17588,0.20512
EID_20961,0.18988
EID_23260,0.17408
EID_7213,0.19123
EID_11851,0.20691
EID_5696,0.18876
EID_23011,0.19449
EID_2035,0.18495
EID_22461,0.19654
EID_23215,0.19904
EID_6913,0.18606
EID_5739,0.18413
EID_19814,0.1979
EID_20320,0.19915
EID_2043,0.21166
EID_21992,0.18854
EID_9324,0.19295
EID_3863,0.21679
EID_7513,0.21527
EID_11120,0.19423
EID_6548,0.20353
EID_23957,0.21141
EID_11408,0.20729
EID_24638,0.17488
EID_3908,0.19105
EID_17023,0.19339
EID_10902,0.19534
EID_3543,0.20711
EID_3633,0.1655
EID_3394,0.18825
EID_8619,0.18744
EID_13424,0.17803
EID_15405,0.20399
EID_21727,0.19746
EID_18916,0.19306
EID_3335,0.19641
EID_2811,0.19191
EID_8620,0.19706
EID_3249,0.20191
EID_22140,0.1721
EID_18934,0.18651
EID_24271,0.18019
EID_2164,0.21626
EID_22961,0.20155
EID_25318,0.18423
EID_23064,0.17926
EID_1056,0.17739
EID_4389,0.20423
EID_6949,0.204
EID_16133,0.19986
EID_8023,0.18667
EID_19426,0.18993
EID_12895,0.18477
EID_17667,0.18958
EID_14826,0.19921
EID_8807,0.2049
EID_13977,0.19703
EID_11167,0.21821
EID_22535,0.19664
EID_5357,0.18295
EID_1450,0.20732
EID_24647,0.19525
EID_1516,0.21437
EID_10122,0.19617
EID_2423,0.18896
EID_4276,0.19097
EID_10610,0.17075
EID_5840,0.17516
EID_19117,0.19234
EID_1753,0.19311
EID_11679,0.17664
EID_12425,0.18033
EID_21118,0.20671
EID_1348,0.17611
EID_3143,0.18642
EID_12153,0.19381
EID_22834,0.19311
EID_14978,0.20284
EID_23361,0.20338
EID_5207,0.19756
EID_8395,0.17905
EID_2440,0.19349
EID_14196,0.20509
EID_16684,0.21362
EID_22520,0.19927
EID_14689,0.19963
EID_22890,0.19065
EID_18695,0.18952
EID_1275,0.18727
EID_6033,0.19564
EID_25616,0.17816
EID_6190,0.20418
EID_2964,0.21129
EID_24869,0.20107
EID_3319,0.1896
EID_15857,0.21397
EID_4615,0.18387
EID_23926,0.18982
EID_15506,0.21226
EID_4168,0.19156
EID_23593,0.17982
EID_3108,0.20093
EID_22846,0.2237
EID_12618,0.19947
EID_20341,0.18319
EID_15441,0.1917
EID_20278,0.19134
EID_19511,0.21315
EID_7832,0.19161
EID_7775,0.19518
EID_9409,0.20043
EID_11483,0.18803
EID_6657,0.18296
EID_10338,0.18371
EID_7683,0.19804
EID_11854,0.18381
EID_17102,0.19499
EID_9882,0.18734
EID_19326,0.20079
EID_1670,0.20951
EID_17455,0.20994
EID_24867,0.17698
EID_22972,0.19451
EID_4679,0.21403
EID_7172,0.18967
EID_7401,0.19901
EID_13199,0.17011
EID_12244,0.20403
EID_12771,0.19585
EID_7230,0.20021
EID_19736,0.1949
EID_2755,0.18807
EID_19126,0.18626
EID_20949,0.19686
EID_4573,0.18281
EID_23671,0.19141
EID_11580,0.18175
EID_15600,0.20972
EID_17577,0.19917
EID_6773,0.20479
EID_9565,0.20968
EID_13401,0.22883
EID_17438,0.20037
EID_7604,0.18671
EID_1215,0.18626
EID_24765,0.18633
EID_2084,0.18605
EID_17898,0.20807
EID_9752,0.18701
EID_19867,0.19736
EID_5430,0.17572
EID_22617,0.20707
EID_23590,0.1996
EID_11131,0.20653
EID_1623,0.19818
EID_25390,0.19669
EID_23316,0.19587
EID_11595,0.19657
EID_10827,0.19346
EID_14787,0.1898
EID_18290,0.19167
EID_17889,0.19418
EID_7936,0.17792
EID_12044,0.19161
EID_8205,0.17743
EID_22950,0.20093
EID_4965,0.17906
EID_24073,0.19986
EID_4946,0.20079
EID_14618,0.19938
EID_17692,0.18198
EID_23220,0.19338
EID_24364,0.17748
EID_20216,0.19791
EID_24865,0.18178
EID_11009,0.19162
EID_6889,0.18655
EID_10375,0.19399
EID_11917,0.19041
EID_25323,0.18249
EID_21841,0.19731
EID_25278,0.19396
EID_17857,0.1992
EID_2991,0.21052
EID_23822,0.19082
EID_12098,0.18477
EID_14665,0.18146
EID_25373,0.21047
EID_22143,0.22333
EID_4000,0.17978
EID_2951,0.19195
EID_8610,0.18042
EID_6998,0.17599
EID_21972,0.16138
EID_3582,0.20094
EID_18220,0.19815
EID_12381,0.17714
EID_15689,0.18222
EID_12239,0.18376
EID_3987,0.20197
EID_20164,0.20116
EID_1654,0.20161
EID_25583,0.19446
EID_22736,0.20907
EID_22169,0.20478
EID_9495,0.1924
EID_2465,0.2015
EID_1659,0.18721
EID_4509,0.19365
EID_15264,0.20214
EID_9494,0.19183
EID_23657,0.18864
EID_10376,0.17507
EID_25277,0.19968
EID_15121,0.18358
EID_14760,0.20336
EID_9160,0.19063
EID_18574,0.18482
EID_2977,0.19283
EID_4745,0.19738
EID_6762,0.19063
EID_2682,0.20624
EID_19172,0.18971
EID_1013,0.19294
EID_1242,0.19963
EID_10336,0.1973
EID_11247,0.17757
EID_4631,0.17723
EID_21660,0.21015
EID_6752,0.20743
EID_14409,0.19822
EID_21720,0.20197
EID_14495,0.20105
EID_15348,0.21341
EID_9610,0.19921
EID_10629,0.18305
EID_10182,0.19936
EID_10598,0.21029
EID_11065,0.1933
EID_16129,0.20937
EID_15572,0.19753
EID_21059,0.18075
EID_7812,0.19625
EID_15162,0.19236
EID_6911,0.19116
EID_17591,0.1944
EID_22638,0.20066
EID_3217,0.19195
EID_10116,0.19981
EID_23199,0.18412
EID_18844,0.197
EID_19931,0.19561
EID_22215,0.19295
EID_14623,0.188
EID_7884,0.19112
EID_3197,0.18178
EID_11291,0.19283
EID_3320,0.19534
EID_12585,0.20637
EID_13592,0.18996
EID_11264,0.18349
EID_6997,0.18942
EID_2327,0.18491
EID_9340,0.21111
EID_14544,0.20922
EID_13055,0.20336
EID_14014,0.19684
EID_7429,0.20218
EID_19008,0.19582
EID_14283,0.19651
EID_10882,0.21887
EID_5194,0.18861
EID_23844,0.19412
EID_22628,0.19648
EID_10033,0.20258
EID_13281,0.19412
EID_23871,0.19297
EID_3621,0.16838
EID_12968,0.18896
EID_5819,0.17443
EID_6694,0.20863
EID_17656,0.19623
EID_8888,0.20821
EID_14552,0.21602
EID_15342,0.20386
EID_7728,0.18752
EID_10331,0.1854
EID_5479,0.19925
EID_25526,0.19206
EID_12348,0.20474
EID_6196,0.19692
EID_3619,0.20056
EID_11280,0.19981
EID_18119,0.19796
EID_18058,0.17522
EID_20911,0.19151
EID_19840,0.21206
EID_11808,0.19148
EID_16265,0.18367
EID_25976,0.20626
EID_3872,0.19439
EID_23029,0.18922
EID_11745,0.20391
EID_9556,0.18324
EID_19748,0.20025
EID_23253,0.1969
EID_16237,0.19748
EID_11694,0.18507
EID_12824,0.17459
EID_12797,0.1868
EID_3524,0.19457
EID_10559,0.19827
EID_22844,0.19312
EID_22281,0.19711
EID_9535,0.20015
EID_1642,0.19114
EID_17630,0.20058
EID_15083,0.18784
EID_2690,0.18356
EID_12199,0.19788
EID_3449,0.17438
EID_12097,0.19368
EID_23272,0.18628
EID_6890,0.17181
EID_2438,0.19629
EID_6508,0.21461
EID_10772,0.20608
EID_6076,0.19077
EID_3045,0.18994
EID_24779,0.15626
EID_12553,0.17433
EID_24984,0.20743
EID_17157,0.18289
EID_11823,0.20627
EID_4765,0.17398
EID_16143,0.1872
EID_19658,0.17658
EID_12035,0.18204
EID_3481,0.17819
EID_12776,0.20747
EID_21160,0.18095
EID_11127,0.21983
EID_11784,0.16543
EID_17458,0.1914
EID_15653,0.19716
EID_25399,0.19899
EID_8799,0.19381
EID_14529,0.18939
EID_19407,0.1842
EID_8224,0.18329
EID_21582,0.20082
EID_14807,0.17781
EID_17338,0.19021
EID_10635,0.1989
EID_16300,0.20254
EID_5155,0.20409
EID_11136,0.19539
EID_7716,0.2043
EID_13041,0.19701
EID_1572,0.19954
EID_2382,0.20639
EID_4568,0.20491
EID_25153,0.19285
EID_20523,0.1896
EID_2332,0.21403
EID_6143,0.19446
EID_19549,0.21227
EID_24568,0.19022
EID_23211,0.19458
EID_2342,0.19867
EID_2922,0.20679
EID_6026,0.22171
EID_10107,0.19771
EID_14855,0.18884
EID_18780,0.19399
EID_10578,0.1898
EID_3842,0.18372
EID_10225,0.20931
EID_15275,0.19957
EID_10740,0.2005
EID_9483,0.19541
EID_11262,0.19757
EID_24388,0.17131
EID_19271,0.19583
EID_15363,0.18252
EID_16555,0.19246
EID_7387,0.195
EID_2692,0.20002
EID_19754,0.18798
EID_10859,0.21463
EID_16618,0.20035
EID_1697,0.18567
EID_3764,0.20645
EID_4502,0.18734
EID_19240,0.18736
EID_22590,0.17648
EID_14056,0.18755
EID_20697,0.1845
EID_2505,0.19808
EID_23288,0.19703
EID_23373,0.18045
EID_18878,0.18426
EID_11857,0.2103
EID_25945,0.20134
EID_18242,0.20521
EID_22823,0.19474
EID_5625,0.20623
EID_6702,0.21223
EID_24252,0.18674
EID_12704,0.20316
EID_1770,0.21829
EID_10159,0.18583
EID_3702,0.20226
EID_2688,0.18764
EID_19784,0.19146
EID_3636,0.20111
EID_14537,0.18922
EID_4878,0.19285
EID_10260,0.18363
EID_5154,0.18437
EID_21206,0.21504
EID_15511,0.21304
EID_8010,0.18017
EID_6249,0.19341
EID_7392,0.19555
EID_18362,0.19886
EID_14147,0.19113
EID_24826,0.17547
EID_10862,0.18893
EID_3088,0.19307
EID_2871,0.21964
EID_22681,0.22086
EID_3720,0.19339
EID_21540,0.20693
EID_3516,0.20518
EID_10969,0.18268
EID_11396,0.18586
EID_11407,0.20269
EID_19264,0.21323
EID_12406,0.17665
EID_19440,0.19315
EID_22729,0.17923
EID_21143,0.18355
EID_19936,0.17523
EID_13997,0.20871
EID_15533,0.20857
EID_22065,0.20241
EID_6600,0.19382
EID_15316,0.17732
EID_10721,0.19255
EID_20630,0.20207
EID_17720,0.17875
EID_7692,0.17641
EID_25004,0.19134
EID_1804,0.18256
EID_25207,0.20069
EID_7638,0.20151
EID_8179,0.21154
EID_23406,0.1894
EID_19285,0.1989
EID_15333,0.17754
EID_9685,0.18519
EID_15725,0.20638
EID_8302,0.21019
EID_10726,0.19226
EID_6168,0.20654
EID_16711,0.19581
EID_24881,0.18629
EID_15281,0.2094
EID_17428,0.18706
EID_2814,0.18678
EID_8717,0.18532
EID_4395,0.19444
EID_22871,0.20347
EID_22152,0.19632
EID_23649,0.18252
EID_24748,0.18062
EID_25426,0.21274
EID_13986,0.1826
EID_19704,0.20357
EID_15554,0.18629
EID_23100,0.21016
EID_25408,0.21204
EID_15870,0.18715
EID_4048,0.20091
EID_12712,0.20352
EID_1937,0.2126
EID_14246,0.20459
EID_2569,0.1765
EID_6228,0.18146
EID_21309,0.19121
EID_16971,0.18451
EID_25273,0.18815
EID_8968,0.18684
EID_21475,0.16228
EID_1982,0.19167
EID_23627,0.2021
EID_14209,0.20106
EID_22365,0.20031
EID_21031,0.19972
EID_16883,0.20644
EID_15734,0.19206
EID_20840,0.2147
EID_20792,0.20347
EID_2652,0.1957
EID_3079,0.20393
EID_1425,0.19854
EID_17271,0.18979
EID_22724,0.22141
EID_23964,0.22007
EID_9333,0.19631
EID_12374,0.19615
EID_25107,0.19948
EID_22869,0.19497
EID_18753,0.20866
EID_16805,0.19422
EID_19994,0.1819
EID_3004,0.1756
EID_12616,0.18535
EID_6090,0.17922
EID_3303,0.20564
EID_9435,0.20237
EID_1838,0.21897
EID_15681,0.18839
EID_17496,0.18133
EID_8456,0.18637
EID_23174,0.17593
EID_8285,0.19235
EID_6547,0.17806
EID_23648,0.19743
EID_7958,0.21059
EID_19299,0.19058
EID_8699,0.19419
EID_14528,0.20504
EID_23167,0.20056
EID_25289,0.18292
EID_12802,0.18569
EID_15986,0.17935
EID_3609,0.20238
EID_2045,0.18343
EID_1788,0.17842
EID_22630,0.1629
EID_10542,0.20821
EID_13101,0.18542
EID_5159,0.17809
EID_18490,0.17976
EID_25693,0.19481
EID_20514,0.20285
EID_3713,0.20698
EID_11193,0.18352
EID_6052,0.18521
EID_6986,0.2079
EID_9104,0.18254
EID_23058,0.19575
EID_3156,0.18954
EID_17660,0.19744
EID_17514,0.19522
EID_15370,0.20931
EID_12207,0.19053
EID_7351,0.20453
EID_24727,0.20541
EID_6356,0.16431
EID_15421,0.18563
EID_11772,0.18971
EID_14071,0.18579
EID_16359,0.20127
EID_16919,0.18708
EID_21496,0.19329
EID_10564,0.20967
EID_3773,0.21548
EID_9484,0.19854
EID_13601,0.20645
EID_13843,0.17877
EID_8774,0.19129
EID_7542,0.17419
EID_3388,0.21101
EID_17949,0.1666
EID_1815,0.18569
EID_10479,0.18975
EID_10722,0.20753
EID_3427,0.18297
EID_18205,0.18733
EID_21650,0.19581
EID_23124,0.21283
EID_4294,0.19194
EID_13366,0.1965
EID_13957,0.18269
EID_3578,0.20903
EID_24105,0.20076
EID_13186,0.17138
EID_24214,0.1952
EID_17251,0.19672
EID_23225,0.21104
EID_2152,0.20247
EID_10625,0.19563
EID_2044,0.18737
EID_7201,0.18334
EID_2405,0.22605
EID_22716,0.19303
EID_22728,0.20894
EID_21251,0.19595
EID_6915,0.19862
EID_14744,0.18939
EID_15814,0.20139
EID_6659,0.16987
EID_10991,0.18597
EID_6500,0.18607
EID_19121,0.19937
EID_6278,0.19788
EID_13236,0.18703
EID_5382,0.19057
EID_6871,0.20799
EID_5012,0.19662
EID_1268,0.18554
EID_6588,0.20352
EID_22163,0.19661
EID_11121,0.17279
EID_22615,0.19843
EID_7838,0.18981
EID_3344,0.18606
EID_25292,0.20163
EID_10730,0.1768
EID_10317,0.20224
EID_13443,0.1986
EID_10988,0.19994
EID_23091,0.18856
EID_1839,0.19169
EID_13892,0.18705
EID_1496,0.17766
EID_15045,0.19675
EID_3744,0.1903
EID_13010,0.18904
EID_9716,0.2075
EID_2993,0.21147
EID_23435,0.18904
EID_8587,0.19243
EID_22132,0.19146
EID_21413,0.19522
EID_11881,0.20413
EID_19850,0.19613
EID_18460,0.20419
EID_17983,0.19539
EID_14888,0.18649
EID_14002,0.19572
EID_13524,0.19744
EID_4049,0.17621
EID_6535,0.18101
EID_10557,0.19532
EID_1313,0.16789
EID_12424,0.18513
EID_8210,0.19076
EID_22378,0.1994
EID_19644,0.20175
EID_8790,0.21437
EID_5778,0.20135
EID_23887,0.20378
EID_16103,0.19642
EID_20604,0.20213
EID_17378,0.19081
EID_5566,0.19205
EID_24264,0.20057
EID_7814,0.19026
EID_1968,0.20561
EID_10282,0.17534
EID_13648,0.18467
EID_22376,0.19692
EID_3690,0.18152
EID_17871,0.21539
EID_19167,0.19407
EID_5366,0.20123
EID_16996,0.19151
EID_1953,0.18919
EID_8760,0.18146
EID_20448,0.19625
EID_15787,0.19631
EID_18982,0.20757
EID_4388,0.16267
EID_22325,0.18326
EID_10189,0.19474
EID_21162,0.16013
EID_1032,0.18256
EID_12045,0.18482
EID_18324,0.17433
EID_15085,0.19488
EID_21927,0.18003
EID_13325,0.20276
EID_17801,0.21072
EID_7678,0.19497
EID_17469,0.19786
EID_14318,0.17987
EID_16439,0.16133
EID_2307,0.19751
EID_20011,0.16697
EID_19381,0.2032
EID_14043,0.16905
EID_14774,0.18196
EID_22982,0.19186
EID_19092,0.19492
EID_13137,0.20438
EID_5738,0.18984
EID_19661,0.18673
EID_22570,0.19478
EID_16393,0.22203
EID_4256,0.18323
EID_17873,0.19687
EID_13832,0.21631
EID_17617,0.20562
EID_3106,0.18394
EID_6567,0.1812
EID_4727,0.17899
EID_14518,0.18999
EID_1070,0.19652
EID_19385,0.17542
EID_20032,0.18188
EID_11714,0.17643
EID_23636,0.18722
EID_1985,0.20451
EID_5627,0.20093
EID_15171,0.21832
EID_8811,0.19963
EID_2163,0.20749
EID_8459,0.19974
EID_18138,0.2084
EID_17518,0.19035
EID_17432,0.19896
EID_25686,0.19243
EID_2470,0.1951
EID_16311,0.20282
EID_6903,0.17999
EID_11990,0.19078
EID_23460,0.18371
EID_25924,0.18314
EID_13985,0.19261
EID_5455,0.1885
EID_13427,0.20652
EID_24855,0.1855
EID_15532,0.17885
EID_8953,0.1851
EID_22683,0.19784
EID_22493,0.19319
EID_1451,0.19963
EID_20796,0.19761
EID_17281,0.18938
EID_7767,0.18986
EID_20838,0.20235
EID_17235,0.19539
EID_21615,0.17977
EID_6972,0.18519
EID_13930,0.20228
EID_4188,0.19926
EID_11277,0.19713
EID_18053,0.22034
EID_11288,0.19108
EID_1148,0.19366
EID_19216,0.19949
EID_7660,0.20822
EID_22805,0.20516
EID_11931,0.20744
EID_16921,0.21248
EID_4993,0.19598
EID_18070,0.20327
EID_15648,0.19773
EID_11404,0.19015
EID_14248,0.19101
EID_15424,0.1902
EID_8039,0.18987
EID_7094,0.19369
EID_13161,0.18058
EID_9293,0.17375
EID_4351,0.20052
EID_17259,0.19937
EID_2681,0.20226
EID_22123,0.19077
EID_8528,0.19929
EID_11798,0.19439
EID_20265,0.18704
EID_21396,0.19528
EID_12220,0.19346
EID_25722,0.19417
EID_21719,0.2109
EID_3506,0.18066
EID_2139,0.20342
EID_6562,0.20716
EID_4353,0.20269
EID_24392,0.19625
EID_11238,0.18874
EID_20617,0.20939
EID_21473,0.19213
EID_16837,0.186
EID_1800,0.18176
EID_25849,0.20081
EID_9395,0.21721
EID_2415,0.17735
EID_9286,0.19788
EID_5081,0.19398
EID_22546,0.2138
EID_11932,0.18127
EID_16292,0.18033
EID_17882,0.15688
EID_20889,0.17992
EID_10031,0.20007
EID_21576,0.19083
EID_8256,0.19657
EID_2614,0.19556
EID_2098,0.18015
EID_10242,0.19538
EID_21993,0.1815
EID_22664,0.16716
EID_1919,0.17898
EID_11629,0.19513
EID_6840,0.18731
EID_25493,0.18698
EID_14968,0.19937
EID_25313,0.18256
EID_8035,0.17873
EID_8969,0.2008
EID_15223,0.18395
EID_6266,0.19861
EID_8184,0.18446
EID_19480,0.1918
EID_19076,0.1848
EID_16339,0.21515
EID_7963,0.17309
EID_17427,0.17565
EID_12641,0.2051
EID_4122,0.20572
EID_23659,0.17924
EID_13486,0.20791
EID_18423,0.19512
EID_2181,0.18312
EID_25490,0.21414
EID_9211,0.20987
EID_5237,0.18906
EID_2418,0.2056
EID_17716,0.18835
EID_13837,0.19122
EID_2840,0.18514
EID_13004,0.20639
EID_14429,0.20121
EID_18915,0.18862
EID_22415,0.18201
EID_4304,0.18563
EID_10753,0.19867
EID_22612,0.19317
EID_1857,0.19348
EID_3566,0.20928
EID_8545,0.19719
EID_21685,0.18967
EID_9946,0.20621
EID_20447,0.1975
EID_3887,0.18528
EID_8351,0.1894
EID_23889,0.19431
EID_8248,0.18336
EID_16621,0.19684
EID_25138,0.18161
EID_10004,0.1777
EID_5522,0.2021
EID_23416,0.19832
EID_14897,0.17851
EID_10840,0.18128
EID_21716,0.1852
EID_18484,0.17316
EID_7402,0.19364
EID_24854,0.20188
EID_1610,0.22045
EID_17592,0.19414
EID_22128,0.17472
EID_17304,0.18653
EID_1508,0.19994
EID_20492,0.20032
EID_2324,0.22292
EID_17093,0.1944
EID_23356,0.18041
EID_17895,0.18577
EID_8186,0.18963
EID_19358,0.20443
EID_6030,0.18474
EID_17457,0.20836
EID_14976,0.20248
EID_8914,0.21392
EID_5721,0.19365
EID_11266,0.18657
EID_17012,0.20326
EID_7554,0.20738
EID_3087,0.19449
EID_19716,0.18059
EID_21723,0.19793
EID_13072,0.16315
EID_9776,0.19301
EID_25927,0.18818
EID_5593,0.18687
EID_13954,0.19504
EID_16034,0.1963
EID_1719,0.19478
EID_23054,0.20622
EID_15591,0.2001
EID_5178,0.20526
EID_24346,0.20672
EID_21264,0.20354
EID_3292,0.20799
EID_14975,0.19758
EID_9165,0.20047
EID_23369,0.18237
EID_18767,0.20313
EID_10153,0.20796
EID_2542,0.19156
EID_23826,0.20572
EID_20391,0.17083
EID_8633,0.1811
EID_5875,0.19327
EID_12699,0.20235
EID_12982,0.20068
EID_16392,0.18913
EID_8185,0.16313
EID_15462,0.18566
EID_4853,0.19818
EID_17622,0.19374
EID_23074,0.2027
EID_6390,0.21865
EID_24539,0.18726
EID_12963,0.18617
EID_8649,0.17929
EID_11810,0.17269
EID_3598,0.1964
EID_13511,0.19676
EID_16014,0.19784
EID_24791,0.19568
EID_3417,0.19283
EID_24668,0.2029
EID_4508,0.20078
EID_25150,0.19715
EID_25934,0.19913
EID_6308,0.19328
EID_10508,0.19786
EID_18724,0.19863
EID_10536,0.19909
EID_18738,0.19276
EID_15949,0.19699
EID_20722,0.20135
EID_14963,0.18593
EID_6682,0.187
EID_8365,0.19101
EID_17999,0.19442
EID_24499,0.18104
EID_20389,0.1928
EID_12123,0.1923
EID_19203,0.19353
EID_3538,0.20869
EID_19811,0.21402
EID_11473,0.19845
EID_3032,0.19384
EID_8419,0.18836
EID_9052,0.18455
EID_15837,0.18502
EID_6644,0.17601
EID_16894,0.20614
EID_10552,0.20991
EID_14750,0.1841
EID_16659,0.21429
EID_4472,0.18373
EID_4076,0.19928
EID_5163,0.1828
EID_25923,0.21245
EID_24806,0.18479
EID_3742,0.19799
EID_19722,0.20055
EID_18033,0.17542
EID_16718,0.1857
EID_13182,0.17467
EID_23021,0.2156
EID_20329,0.18895
EID_8770,0.19973
EID_11234,0.2034
EID_18881,0.18845
EID_1365,0.18557
EID_19318,0.19294
EID_19343,0.18498
EID_4435,0.1931
EID_22102,0.20683
EID_24095,0.20212
EID_9897,0.21519
EID_21635,0.20134
EID_16514,0.19139
EID_1997,0.21498
EID_10324,0.1831
EID_6487,0.20301
EID_21197,0.19382
EID_19082,0.18394
EID_17562,0.19787
EID_8738,0.19412
EID_13687,0.17977
EID_19572,0.18894
EID_24909,0.18166
EID_21814,0.19674
EID_12083,0.21026
EID_25919,0.19774
EID_19140,0.17824
EID_23924,0.19227
EID_1208,0.18665
EID_18170,0.19246
EID_18699,0.19451
EID_1318,0.19138
EID_14941,0.20023
EID_6540,0.20038
EID_20936,0.20392
EID_9705,0.17996
EID_24181,0.19864
EID_22138,0.21247
EID_23044,0.19243
EID_9038,0.19327
EID_3247,0.19688
EID_19630,0.20467
EID_8655,0.1881
EID_10423,0.20385
EID_3946,0.18489
EID_16512,0.19073
EID_12473,0.18389
EID_11571,0.17514
EID_14381,0.19638
EID_12675,0.19713
EID_1930,0.19395
EID_20155,0.17627
EID_22902,0.18171
EID_24145,0.19214
EID_5342,0.20668
EID_8334,0.1779
EID_25708,0.18292
EID_19991,0.20902
EID_5499,0.18236
EID_5953,0.16808
EID_7444,0.20538
EID_6218,0.18391
EID_12891,0.19023
EID_16456,0.18235
EID_20256,0.18659
EID_9959,0.18867
EID_8845,0.18633
EID_1662,0.19779
EID_8739,0.19371
EID_20695,0.18129
EID_19446,0.19149
EID_12441,0.18027
EID_13066,0.19525
EID_8911,0.18514
EID_22200,0.19436
EID_9689,0.19765
EID_1668,0.21305
EID_8120,0.19809
EID_22777,0.2034
EID_19141,0.19431
EID_22674,0.18196
EID_16121,0.1948
EID_14662,0.20796
EID_23290,0.18461
EID_20144,0.18852
EID_23052,0.20519
EID_25575,0.19296
EID_23724,0.19247
EID_14759,0.18338
EID_25209,0.1786
EID_17753,0.20305
EID_4693,0.18723
EID_17284,0.19127
EID_9131,0.20869
EID_24625,0.20176
EID_24912,0.18872
EID_19612,0.185
EID_9147,0.2113
EID_6891,0.17972
EID_10639,0.20364
EID_5880,0.17969
EID_22547,0.20601
EID_10066,0.18497
EID_7126,0.18772
EID_4929,0.2021
EID_24750,0.20015
